<?xml version='1.0' encoding='utf-8'?>
<gmd:MD_Metadata xmlns:xsi="http://www.w3.org/2001/XMLSchema-instance" xmlns:gco="http://www.isotc211.org/2005/gco" xmlns:gmd="http://www.isotc211.org/2005/gmd" xmlns:xlink="http://www.w3.org/1999/xlink" xmlns:gml="http://www.opengis.net/gml/3.2" xmlns:gsr="http://www.isotc211.org/2005/gsr" xmlns:essm="http://www.cits.rncan.gc.ca/ess/essMetadataTools/essXsd/essm" xmlns:gss="http://www.isotc211.org/2005/gss" xmlns:gts="http://www.isotc211.org/2005/gts" xsi:schemaLocation="http://www.isotc211.org/2005/gmd http://nap.geogratis.gc.ca/metadata/tools/schemas/metadata/can-cgsb-171.100-2009-a/gmd/gmd.xsd">
  <gmd:fileIdentifier>
    <gco:CharacterString>d531ef4a-0f89-44d6-94ab-34ee57faa485</gco:CharacterString>
  </gmd:fileIdentifier>
  <gmd:language>
    <gco:CharacterString>eng; CAN</gco:CharacterString>
  </gmd:language>
  <gmd:characterSet>
    <gmd:MD_CharacterSetCode codeListValue="RI_458" codeList="http://nap.geogratis.gc.ca/metadata/register/napMetadataRegister.xml#IC_95">utf8; utf8</gmd:MD_CharacterSetCode>
  </gmd:characterSet>
  <gmd:parentIdentifier>
    <gco:CharacterString>3A537B2D-7058-FCED-8D0B-76452EC9D01F</gco:CharacterString>
  </gmd:parentIdentifier>
  <gmd:hierarchyLevel>
    <gmd:MD_ScopeCode codeListValue="RI_622" codeList="http://nap.geogratis.gc.ca/metadata/register/napMetadataRegister.xml#IC_108">dataset; jeuDonnées</gmd:MD_ScopeCode>
  </gmd:hierarchyLevel>
  <gmd:contact>
    <gmd:CI_ResponsibleParty>
      <gmd:organisationName xsi:type="gmd:PT_FreeText_PropertyType">
        <gco:CharacterString>Government of Canada; Natural Resources Canada</gco:CharacterString>
        <gmd:PT_FreeText>
          <gmd:textGroup>
            <gmd:LocalisedCharacterString locale="#FR">Gouvernement du Canada; Ressources naturelles Canada</gmd:LocalisedCharacterString>
          </gmd:textGroup>
        </gmd:PT_FreeText>
      </gmd:organisationName>
      <gmd:positionName xsi:type="gmd:PT_FreeText_PropertyType">
        <gco:CharacterString>Director, ESS/CCMEO</gco:CharacterString>
        <gmd:PT_FreeText>
          <gmd:textGroup>
            <gmd:LocalisedCharacterString locale="#FR">Directeur, SST/CCCOT</gmd:LocalisedCharacterString>
          </gmd:textGroup>
        </gmd:PT_FreeText>
      </gmd:positionName>
      <gmd:role>
        <gmd:CI_RoleCode codeListValue="RI_410" codeList="http://nap.geogratis.gc.ca/metadata/register/napMetadataRegister.xml#IC_90">owner; propriétaire</gmd:CI_RoleCode>
      </gmd:role>
    </gmd:CI_ResponsibleParty>
  </gmd:contact>
  <gmd:contact>
    <gmd:CI_ResponsibleParty>
      <gmd:organisationName xsi:type="gmd:PT_FreeText_PropertyType">
        <gco:CharacterString>Government of Canada; Natural Resources Canada; Earth Sciences Sector; Canada Centre for Mapping and Earth Observation</gco:CharacterString>
        <gmd:PT_FreeText>
          <gmd:textGroup>
            <gmd:LocalisedCharacterString locale="#FR">Gouvernement du Canada; Ressources naturelles Canada; Secteur des sciences de la Terre; Centre canadien de cartographie et d'observation de la Terre</gmd:LocalisedCharacterString>
          </gmd:textGroup>
        </gmd:PT_FreeText>
      </gmd:organisationName>
      <gmd:contactInfo>
        <gmd:CI_Contact>
          <gmd:address>
            <gmd:CI_Address>
              <gmd:electronicMailAddress xsi:type="gmd:PT_FreeText_PropertyType">
                <gco:CharacterString>NRCan.geogratis-geogratis.RNCan@canada.ca</gco:CharacterString>
                <gmd:PT_FreeText>
                  <gmd:textGroup>
                    <gmd:LocalisedCharacterString locale="#FR">NRCan.geogratis-geogratis.RNCan@canada.ca</gmd:LocalisedCharacterString>
                  </gmd:textGroup>
                </gmd:PT_FreeText>
              </gmd:electronicMailAddress>
            </gmd:CI_Address>
          </gmd:address>
        </gmd:CI_Contact>
      </gmd:contactInfo>
      <gmd:role>
        <gmd:CI_RoleCode codeListValue="RI_409" codeList="http://nap.geogratis.gc.ca/metadata/register/napMetadataRegister.xml#IC_90">custodian; conservateur</gmd:CI_RoleCode>
      </gmd:role>
    </gmd:CI_ResponsibleParty>
  </gmd:contact>
  <gmd:contact>
    <gmd:CI_ResponsibleParty>
      <gmd:organisationName xsi:type="gmd:PT_FreeText_PropertyType">
        <gco:CharacterString>Government of Canada; Natural Resources Canada; Earth Sciences Sector; Canada Centre for Mapping and Earth Observation</gco:CharacterString>
        <gmd:PT_FreeText>
          <gmd:textGroup>
            <gmd:LocalisedCharacterString locale="#FR">Gouvernement du Canada; Ressources naturelles Canada; Secteur des sciences de la Terre; Centre canadien de cartographie et d'observation de la Terre</gmd:LocalisedCharacterString>
          </gmd:textGroup>
        </gmd:PT_FreeText>
      </gmd:organisationName>
      <gmd:positionName xsi:type="gmd:PT_FreeText_PropertyType">
        <gco:CharacterString>Customer Support Group</gco:CharacterString>
        <gmd:PT_FreeText>
          <gmd:textGroup>
            <gmd:LocalisedCharacterString locale="#FR">Équipe de soutien aux usagers</gmd:LocalisedCharacterString>
          </gmd:textGroup>
        </gmd:PT_FreeText>
      </gmd:positionName>
      <gmd:contactInfo>
        <gmd:CI_Contact>
          <gmd:phone>
            <gmd:CI_Telephone>
              <gmd:voice xsi:type="gmd:PT_FreeText_PropertyType">
                <gco:CharacterString>voice; 1 (819) 5645600</gco:CharacterString>
                <gmd:PT_FreeText>
                  <gmd:textGroup>
                    <gmd:LocalisedCharacterString locale="#FR">voix; 1 (819) 5645600</gmd:LocalisedCharacterString>
                  </gmd:textGroup>
                </gmd:PT_FreeText>
              </gmd:voice>
              <gmd:voice xsi:type="gmd:PT_FreeText_PropertyType">
                <gco:CharacterString>voice; 1 (800) 6612638</gco:CharacterString>
                <gmd:PT_FreeText>
                  <gmd:textGroup>
                    <gmd:LocalisedCharacterString locale="#FR">voix; 1 (800) 6612638</gmd:LocalisedCharacterString>
                  </gmd:textGroup>
                </gmd:PT_FreeText>
              </gmd:voice>
              <gmd:facsimile>
                <gco:CharacterString>1 (819) 5645698</gco:CharacterString>
              </gmd:facsimile>
            </gmd:CI_Telephone>
          </gmd:phone>
          <gmd:address>
            <gmd:CI_Address>
              <gmd:electronicMailAddress xsi:type="gmd:PT_FreeText_PropertyType">
                <gco:CharacterString>NRCan.geogratis-geogratis.RNCan@canada.ca</gco:CharacterString>
                <gmd:PT_FreeText>
                  <gmd:textGroup>
                    <gmd:LocalisedCharacterString locale="#FR">NRCan.geogratis-geogratis.RNCan@canada.ca</gmd:LocalisedCharacterString>
                  </gmd:textGroup>
                </gmd:PT_FreeText>
              </gmd:electronicMailAddress>
            </gmd:CI_Address>
          </gmd:address>
          <gmd:onlineResource>
            <gmd:CI_OnlineResource>
              <gmd:linkage>
                <gmd:URL>www.geogratis.gc.ca</gmd:URL>
              </gmd:linkage>
              <gmd:protocol>
                <gco:CharacterString>HTTP</gco:CharacterString>
              </gmd:protocol>
              <gmd:function>
                <gmd:CI_OnLineFunctionCode codeListValue="RI_376" codeList="http://nap.geogratis.gc.ca/metadata/register/napMetadataRegister.xml#IC_88">information; information</gmd:CI_OnLineFunctionCode>
              </gmd:function>
            </gmd:CI_OnlineResource>
          </gmd:onlineResource>
          <gmd:hoursOfService>
            <gco:CharacterString>8:30/12:00; 13:00/16:30</gco:CharacterString>
          </gmd:hoursOfService>
        </gmd:CI_Contact>
      </gmd:contactInfo>
      <gmd:role>
        <gmd:CI_RoleCode codeListValue="RI_414" codeList="http://nap.geogratis.gc.ca/metadata/register/napMetadataRegister.xml#IC_90">pointOfContact; contact</gmd:CI_RoleCode>
      </gmd:role>
    </gmd:CI_ResponsibleParty>
  </gmd:contact>
  <gmd:dateStamp>
    <gco:DateTime>2016-03-30T10:33:45</gco:DateTime></gmd:dateStamp>
  <gmd:metadataStandardName xsi:type="gmd:PT_FreeText_PropertyType">
    <gco:CharacterString>North American Profile of ISO 19115:2003 – Geographic information – Metadata (NAP-Metadata)</gco:CharacterString>
    <gmd:PT_FreeText>
      <gmd:textGroup>
        <gmd:LocalisedCharacterString locale="#FR">Profil nord-américain de la norme ISO 19115:2003 – Information géographique – Métadonnées (NAP-Metadata)</gmd:LocalisedCharacterString>
      </gmd:textGroup>
    </gmd:PT_FreeText>
  </gmd:metadataStandardName>
  <gmd:metadataStandardVersion>
    <gco:CharacterString>CAN/CGSB-171.100-2009</gco:CharacterString>
  </gmd:metadataStandardVersion>
  <gmd:dataSetURI xsi:type="gmd:PT_FreeText_PropertyType">
    <gco:CharacterString>http://geogratis.gc.ca/api/en/nrcan-rncan/ess-sst/3A537B2D-7058-FCED-8D0B-76452EC9D01F</gco:CharacterString>
    <gmd:PT_FreeText>
      <gmd:textGroup>
        <gmd:LocalisedCharacterString locale="#FR">http://geogratis.gc.ca/api/fr/nrcan-rncan/ess-sst/3A537B2D-7058-FCED-8D0B-76452EC9D01F</gmd:LocalisedCharacterString>
      </gmd:textGroup>
    </gmd:PT_FreeText>
  </gmd:dataSetURI>
  <gmd:locale>
    <gmd:PT_Locale id="FR">
      <gmd:languageCode>
        <gmd:LanguageCode codeListValue="fra" codeList="http://nap.geogratis.gc.ca/metadata/register/napMetadataRegister.xml#IC_116">French; Français</gmd:LanguageCode>
      </gmd:languageCode>
      <gmd:country>
        <gmd:Country codeListValue="CAN" codeList="http://nap.geogratis.gc.ca/metadata/register/napMetadataRegister.xml#IC_117">Canada; Canada</gmd:Country>
      </gmd:country>
      <gmd:characterEncoding>
        <gmd:MD_CharacterSetCode codeListValue="RI_458" codeList="http://nap.geogratis.gc.ca/metadata/register/napMetadataRegister.xml#IC_95">utf8; utf8</gmd:MD_CharacterSetCode>
      </gmd:characterEncoding>
    </gmd:PT_Locale>
  </gmd:locale>
  <gmd:spatialRepresentationInfo>
    <gmd:MD_GridSpatialRepresentation>
      <gmd:numberOfDimensions>
        <gco:Integer>2</gco:Integer>
      </gmd:numberOfDimensions>
      <gmd:axisDimensionProperties>
        <gmd:MD_Dimension>
          <gmd:dimensionName>
            <gmd:MD_DimensionNameTypeCode codeListValue="RI_496" codeList="http://nap.geogratis.gc.ca/metadata/register/napMetadataRegister.xml#IC_98">row; rangée</gmd:MD_DimensionNameTypeCode>
          </gmd:dimensionName>
          <gmd:dimensionSize>
            <gco:Integer>1201</gco:Integer>
          </gmd:dimensionSize>
        </gmd:MD_Dimension>
      </gmd:axisDimensionProperties>
      <gmd:axisDimensionProperties>
        <gmd:MD_Dimension>
          <gmd:dimensionName>
            <gmd:MD_DimensionNameTypeCode codeListValue="RI_497" codeList="http://nap.geogratis.gc.ca/metadata/register/napMetadataRegister.xml#IC_98">column; colonne</gmd:MD_DimensionNameTypeCode>
          </gmd:dimensionName>
          <gmd:dimensionSize>
            <gco:Integer>2402</gco:Integer>
          </gmd:dimensionSize>
        </gmd:MD_Dimension>
      </gmd:axisDimensionProperties>
      <gmd:cellGeometry>
        <gmd:MD_CellGeometryCode codeListValue="RI_451" codeList="http://nap.geogratis.gc.ca/metadata/register/napMetadataRegister.xml#IC_94">point; point</gmd:MD_CellGeometryCode>
      </gmd:cellGeometry>
      <gmd:transformationParameterAvailability>
        <gco:Boolean>true</gco:Boolean>
      </gmd:transformationParameterAvailability>
    </gmd:MD_GridSpatialRepresentation>
  </gmd:spatialRepresentationInfo>
  <gmd:referenceSystemInfo>
    <gmd:MD_ReferenceSystem>
      <gmd:referenceSystemIdentifier>
        <gmd:RS_Identifier>
          <gmd:authority>
            <gmd:CI_Citation>
              <gmd:title>
                <gco:CharacterString>EPSG Geodetic Parameter Registry</gco:CharacterString>
              </gmd:title>
              <gmd:date>
                <gmd:CI_Date>
                  <gmd:date>
                    <gco:Date>2010-11-02</gco:Date>
                  </gmd:date>
                  <gmd:dateType>
                    <gmd:CI_DateTypeCode codeListValue="RI_368" codeList="http://nap.geogratis.gc.ca/metadata/register/napMetadataRegister.xml#IC_87">revision; révision</gmd:CI_DateTypeCode>
                  </gmd:dateType>
                </gmd:CI_Date>
              </gmd:date>
              <gmd:citedResponsibleParty>
                <gmd:CI_ResponsibleParty>
                  <gmd:organisationName>
                    <gco:CharacterString>OGP Geomatics Committee</gco:CharacterString>
                  </gmd:organisationName>
                  <gmd:role>
                    <gmd:CI_RoleCode codeListValue="RI_409" codeList="http://nap.geogratis.gc.ca/metadata/register/napMetadataRegister.xml#IC_90">custodian; conservateur</gmd:CI_RoleCode>
                  </gmd:role>
                </gmd:CI_ResponsibleParty>
              </gmd:citedResponsibleParty>
            </gmd:CI_Citation>
          </gmd:authority>
          <gmd:code>
            <gco:CharacterString>EPSG::4269</gco:CharacterString>
          </gmd:code>
          <gmd:codeSpace>
            <gco:CharacterString>http://www.epsg-registry.org/</gco:CharacterString>
          </gmd:codeSpace>
          <gmd:version>
            <gco:CharacterString>7.6</gco:CharacterString>
          </gmd:version>
        </gmd:RS_Identifier>
      </gmd:referenceSystemIdentifier>
    </gmd:MD_ReferenceSystem>
  </gmd:referenceSystemInfo>
  <gmd:referenceSystemInfo>
    <gmd:MD_ReferenceSystem>
      <gmd:referenceSystemIdentifier>
        <gmd:RS_Identifier>
          <gmd:authority>
            <gmd:CI_Citation>
              <gmd:title>
                <gco:CharacterString>EPSG Geodetic Parameter Registry</gco:CharacterString>
              </gmd:title>
              <gmd:date>
                <gmd:CI_Date>
                  <gmd:date>
                    <gco:Date>2010-11-02</gco:Date>
                  </gmd:date>
                  <gmd:dateType>
                    <gmd:CI_DateTypeCode codeListValue="RI_368" codeList="http://nap.geogratis.gc.ca/metadata/register/napMetadataRegister.xml#IC_87">revision; révision</gmd:CI_DateTypeCode>
                  </gmd:dateType>
                </gmd:CI_Date>
              </gmd:date>
              <gmd:citedResponsibleParty>
                <gmd:CI_ResponsibleParty>
                  <gmd:organisationName>
                    <gco:CharacterString>OGP Geomatics Committee</gco:CharacterString>
                  </gmd:organisationName>
                  <gmd:role>
                    <gmd:CI_RoleCode codeListValue="RI_409" codeList="http://nap.geogratis.gc.ca/metadata/register/napMetadataRegister.xml#IC_90">custodian; conservateur</gmd:CI_RoleCode>
                  </gmd:role>
                </gmd:CI_ResponsibleParty>
              </gmd:citedResponsibleParty>
            </gmd:CI_Citation>
          </gmd:authority>
          <gmd:code>
            <gco:CharacterString>EPSG::5713</gco:CharacterString>
          </gmd:code>
          <gmd:codeSpace>
            <gco:CharacterString>http://www.epsg-registry.org/</gco:CharacterString>
          </gmd:codeSpace>
          <gmd:version>
            <gco:CharacterString>7.6</gco:CharacterString>
          </gmd:version>
        </gmd:RS_Identifier>
      </gmd:referenceSystemIdentifier>
    </gmd:MD_ReferenceSystem>
  </gmd:referenceSystemInfo>
  <gmd:identificationInfo>
    <gmd:MD_DataIdentification>
      <gmd:citation>
        <gmd:CI_Citation>
          <gmd:title xsi:type="gmd:PT_FreeText_PropertyType">
            <gco:CharacterString>Canadian Digital Elevation Data - 001M11 - Belleoram, Newfoundland and Labrador</gco:CharacterString>
            <gmd:PT_FreeText>
              <gmd:textGroup>
                <gmd:LocalisedCharacterString locale="#FR">Données numériques d'élévation du Canada - 001M11 - Belleoram, Terre-Neuve-et-Labrador</gmd:LocalisedCharacterString>
              </gmd:textGroup>
            </gmd:PT_FreeText>
          </gmd:title>
          <gmd:date>
            <gmd:CI_Date>
              <gmd:date>
                <gco:Date>2004-04-21</gco:Date>
              </gmd:date>
              <gmd:dateType>
                <gmd:CI_DateTypeCode codeListValue="RI_367" codeList="http://nap.geogratis.gc.ca/metadata/register/napMetadataRegister.xml#IC_87">publication; publication</gmd:CI_DateTypeCode>
              </gmd:dateType>
            </gmd:CI_Date>
          </gmd:date>
          <gmd:edition>
            <gco:CharacterString>1.0</gco:CharacterString>
          </gmd:edition>
          <gmd:citedResponsibleParty>
            <gmd:CI_ResponsibleParty>
              <gmd:organisationName xsi:type="gmd:PT_FreeText_PropertyType">
                <gco:CharacterString>Government of Canada; Natural Resources Canada; Earth Sciences Sector; Canada Centre for Mapping and Earth Observation</gco:CharacterString>
                <gmd:PT_FreeText>
                  <gmd:textGroup>
                    <gmd:LocalisedCharacterString locale="#FR">Gouvernement du Canada; Ressources naturelles Canada; Secteur des sciences de la Terre; Centre canadien de cartographie et d'observation de la Terre</gmd:LocalisedCharacterString>
                  </gmd:textGroup>
                </gmd:PT_FreeText>
              </gmd:organisationName>
              <gmd:contactInfo>
                <gmd:CI_Contact>
                  <gmd:address>
                    <gmd:CI_Address>
                      <gmd:electronicMailAddress xsi:type="gmd:PT_FreeText_PropertyType">
                        <gco:CharacterString>NRCan.geogratis-geogratis.RNCan@canada.ca</gco:CharacterString>
                        <gmd:PT_FreeText>
                          <gmd:textGroup>
                            <gmd:LocalisedCharacterString locale="#FR">NRCan.geogratis-geogratis.RNCan@canada.ca</gmd:LocalisedCharacterString>
                          </gmd:textGroup>
                        </gmd:PT_FreeText>
                      </gmd:electronicMailAddress>
                    </gmd:CI_Address>
                  </gmd:address>
                </gmd:CI_Contact>
              </gmd:contactInfo>
              <gmd:role>
                <gmd:CI_RoleCode codeListValue="RI_417" codeList="http://nap.geogratis.gc.ca/metadata/register/napMetadataRegister.xml#IC_90">publisher; éditeur</gmd:CI_RoleCode>
              </gmd:role>
            </gmd:CI_ResponsibleParty>
          </gmd:citedResponsibleParty>
          <gmd:citedResponsibleParty>
            <gmd:CI_ResponsibleParty>
              <gmd:organisationName xsi:type="gmd:PT_FreeText_PropertyType">
                <gco:CharacterString>Government of Canada; Natural Resources Canada; Earth Sciences Sector; Canada Centre for Mapping and Earth Observation</gco:CharacterString>
                <gmd:PT_FreeText>
                  <gmd:textGroup>
                    <gmd:LocalisedCharacterString locale="#FR">Gouvernement du Canada; Ressources naturelles Canada; Secteur des sciences de la Terre; Centre canadien de cartographie et d'observation de la Terre</gmd:LocalisedCharacterString>
                  </gmd:textGroup>
                </gmd:PT_FreeText>
              </gmd:organisationName>
              <gmd:role>
                <gmd:CI_RoleCode codeListValue="RI_413" codeList="http://nap.geogratis.gc.ca/metadata/register/napMetadataRegister.xml#IC_90">originator; auteur</gmd:CI_RoleCode>
              </gmd:role>
            </gmd:CI_ResponsibleParty>
          </gmd:citedResponsibleParty>
          <gmd:presentationForm>
            <gmd:CI_PresentationFormCode codeListValue="RI_393" codeList="http://nap.geogratis.gc.ca/metadata/register/napMetadataRegister.xml#IC_89">modelDigital; modèleNumérique</gmd:CI_PresentationFormCode>
          </gmd:presentationForm>
          <gmd:series>
            <gmd:CI_Series>
              <gmd:name xsi:type="gmd:PT_FreeText_PropertyType">
                <gco:CharacterString>GeoBase - Canadian Digital Elevation Data</gco:CharacterString>
                <gmd:PT_FreeText>
                  <gmd:textGroup>
                    <gmd:LocalisedCharacterString locale="#FR">GéoBase - Données numériques d'élévation du Canada</gmd:LocalisedCharacterString>
                  </gmd:textGroup>
                </gmd:PT_FreeText>
              </gmd:name>
              <gmd:issueIdentification>
                <gco:CharacterString>001M11</gco:CharacterString>
              </gmd:issueIdentification>
            </gmd:CI_Series>
          </gmd:series>
        </gmd:CI_Citation>
      </gmd:citation>
      <gmd:abstract xsi:type="gmd:PT_FreeText_PropertyType">
        <gco:CharacterString>This collection is a legacy product that is no longer supported. Current users of CDED should plan to make the transition towards the up-to-date CDEM product. The Canada Centre for Mapping and Earth Observation (CCMEO) jointly produces the CDED with federal, provincial and territorial government agencies as well as the private sector.  A CDED consists of an ordered array of ground or reflective surface elevations, recorded in metres, at regularly spaced intervals. The source digital data for CDED is extracted from the hypsographic and hydrographic elements of the National Topographic Data Base (NTDB) at scales of 1:50,000 and 1:250,000, or the Geospatial Data Base (GDB), or various scaled positional data acquired by the provinces and territories, or remotely sensed imagery.</gco:CharacterString>
        <gmd:PT_FreeText>
          <gmd:textGroup>
            <gmd:LocalisedCharacterString locale="#FR">Cette collection fait partie maintenant du patrimoine, elle n'est plus maintenue.
 Les utilisateurs actuels de DNEC devraient envisager l'utilisation du produit MNÉC.Le Centre canadien de cartographie et d'observation de la Terre (CCCOT) produit les DNEC de concert avec des organismes fédéraux, provinciaux et territoriaux ainsi qu'avec le secteur privé. 
 Les DNEC consistent en un tableau ordonné de valeurs d'élévation au sol ou de surface (enregistrées en mètres) interpolées à des points régulièrement espacés.
 Les données sources numériques des DNEC peuvent être extraites des éléments hypsographiques et hydrographiques de la Base nationale de données topographiques (BNDT) aux échelles de 1/50 000 et 1/250 000, ou de la Base de données géospatiales (BDG), ou de données de position, à diverses échelles, acquises des provinces et territoires ou d'imageries de télédétection.</gmd:LocalisedCharacterString>
          </gmd:textGroup>
        </gmd:PT_FreeText>
      </gmd:abstract>
      <gmd:purpose xsi:type="gmd:PT_FreeText_PropertyType">
        <gco:CharacterString>CDED plays the same role as contours and relief shading on conventional paper maps.CDED serves as a key primary data in a range of applications critical to achieving sustainable development. These applications include environmental and ecological impact assessments, water flow and water quality analysis, climate change studies, forest regeneration planning and wildlife habitats.In addition, CDED can be used in the generation of three-dimensional graphics displaying terrain slope, profiles and line of sight. Non-graphic applications include geoid calculations, terrain modelling, flood simulations and telecommunication studies.</gco:CharacterString>
        <gmd:PT_FreeText>
          <gmd:textGroup>
            <gmd:LocalisedCharacterString locale="#FR">Les DNEC jouent le même rôle que les courbes de niveau et la représentation du relief par estompage sur les cartes de papier traditionnelles.Les DNEC servent de données primaires clés dans toute une gamme d'applications critiques pour le développement durable. Ces applications englobent notamment les évaluations des incidences environnementales et écologiques, les analyses de l'écoulement et de la qualité de l'eau, les études sur le changement climatique, la planification de la régénération des forêts et l'étude des habitats fauniques.Les DNEC peuvent, en outre, servir à la génération de représentations graphiques tridimensionnelles montrant la pente du terrain, de profils et de lignes de visée. Parmi les applications non graphiques qu'elles permettent, mentionnons les calculs du géoïde, la modélisation du terrain, les simulations de crues et des études dans le domaine des télécommunications.</gmd:LocalisedCharacterString>
          </gmd:textGroup>
        </gmd:PT_FreeText>
      </gmd:purpose>
      <gmd:status>
        <gmd:MD_ProgressCode codeListValue="RI_593" codeList="http://nap.geogratis.gc.ca/metadata/register/napMetadataRegister.xml#IC_106">completed; complété</gmd:MD_ProgressCode>
      </gmd:status>
      <gmd:pointOfContact>
        <gmd:CI_ResponsibleParty>
          <gmd:organisationName xsi:type="gmd:PT_FreeText_PropertyType">
            <gco:CharacterString>Government of Canada; Natural Resources Canada; Earth Sciences Sector; Canada Centre for Mapping and Earth Observation</gco:CharacterString>
            <gmd:PT_FreeText>
              <gmd:textGroup>
                <gmd:LocalisedCharacterString locale="#FR">Gouvernement du Canada; Ressources naturelles Canada; Secteur des sciences de la Terre; Centre canadien de cartographie et d'observation de la Terre</gmd:LocalisedCharacterString>
              </gmd:textGroup>
            </gmd:PT_FreeText>
          </gmd:organisationName>
          <gmd:positionName xsi:type="gmd:PT_FreeText_PropertyType">
            <gco:CharacterString>Customer Support Group</gco:CharacterString>
            <gmd:PT_FreeText>
              <gmd:textGroup>
                <gmd:LocalisedCharacterString locale="#FR">Équipe de soutien aux usagers</gmd:LocalisedCharacterString>
              </gmd:textGroup>
            </gmd:PT_FreeText>
          </gmd:positionName>
          <gmd:contactInfo>
            <gmd:CI_Contact>
              <gmd:phone>
                <gmd:CI_Telephone>
                  <gmd:voice xsi:type="gmd:PT_FreeText_PropertyType">
                    <gco:CharacterString>voice; 1 (819) 5645600</gco:CharacterString>
                    <gmd:PT_FreeText>
                      <gmd:textGroup>
                        <gmd:LocalisedCharacterString locale="#FR">voix; 1 (819) 5645600</gmd:LocalisedCharacterString>
                      </gmd:textGroup>
                    </gmd:PT_FreeText>
                  </gmd:voice>
                  <gmd:voice xsi:type="gmd:PT_FreeText_PropertyType">
                    <gco:CharacterString>voice; 1 (800) 6612638</gco:CharacterString>
                    <gmd:PT_FreeText>
                      <gmd:textGroup>
                        <gmd:LocalisedCharacterString locale="#FR">voix; 1 (800) 6612638</gmd:LocalisedCharacterString>
                      </gmd:textGroup>
                    </gmd:PT_FreeText>
                  </gmd:voice>
                  <gmd:facsimile>
                    <gco:CharacterString>1 (819) 5645698</gco:CharacterString>
                  </gmd:facsimile>
                </gmd:CI_Telephone>
              </gmd:phone>
              <gmd:address>
                <gmd:CI_Address>
                  <gmd:electronicMailAddress xsi:type="gmd:PT_FreeText_PropertyType">
                    <gco:CharacterString>NRCan.geogratis-geogratis.RNCan@canada.ca</gco:CharacterString>
                    <gmd:PT_FreeText>
                      <gmd:textGroup>
                        <gmd:LocalisedCharacterString locale="#FR">NRCan.geogratis-geogratis.RNCan@canada.ca</gmd:LocalisedCharacterString>
                      </gmd:textGroup>
                    </gmd:PT_FreeText>
                  </gmd:electronicMailAddress>
                </gmd:CI_Address>
              </gmd:address>
              <gmd:onlineResource>
                <gmd:CI_OnlineResource>
                  <gmd:linkage>
                    <gmd:URL>www.geogratis.gc.ca</gmd:URL>
                  </gmd:linkage>
                  <gmd:protocol>
                    <gco:CharacterString>HTTP</gco:CharacterString>
                  </gmd:protocol>
                  <gmd:function>
                    <gmd:CI_OnLineFunctionCode codeListValue="RI_376" codeList="http://nap.geogratis.gc.ca/metadata/register/napMetadataRegister.xml#IC_88">information; information</gmd:CI_OnLineFunctionCode>
                  </gmd:function>
                </gmd:CI_OnlineResource>
              </gmd:onlineResource>
              <gmd:hoursOfService>
                <gco:CharacterString>8:30/12:00; 13:00/16:30</gco:CharacterString>
              </gmd:hoursOfService>
            </gmd:CI_Contact>
          </gmd:contactInfo>
          <gmd:role>
            <gmd:CI_RoleCode codeListValue="RI_414" codeList="http://nap.geogratis.gc.ca/metadata/register/napMetadataRegister.xml#IC_90">pointOfContact; contact</gmd:CI_RoleCode>
          </gmd:role>
        </gmd:CI_ResponsibleParty>
      </gmd:pointOfContact>
      <gmd:resourceMaintenance>
        <gmd:MD_MaintenanceInformation>
          <gmd:maintenanceAndUpdateFrequency>
            <gmd:MD_MaintenanceFrequencyCode codeListValue="RI_540" codeList="http://nap.geogratis.gc.ca/metadata/register/napMetadataRegister.xml#IC_102">asNeeded; auBesoin</gmd:MD_MaintenanceFrequencyCode>
          </gmd:maintenanceAndUpdateFrequency>
          <gmd:updateScope>
            <gmd:MD_ScopeCode codeListValue="RI_622" codeList="http://nap.geogratis.gc.ca/metadata/register/napMetadataRegister.xml#IC_108">dataset; jeuDonnées</gmd:MD_ScopeCode>
          </gmd:updateScope>
        </gmd:MD_MaintenanceInformation>
      </gmd:resourceMaintenance>
      <gmd:graphicOverview>
        <gmd:MD_BrowseGraphic>
          <gmd:fileName>
            <gco:CharacterString>http://ftp.geogratis.gc.ca/pub/nrcan_rncan//elevation/geobase_cded_dnec/images_50k/dnec_001m11.jpg</gco:CharacterString>
          </gmd:fileName>
          <gmd:fileDescription>
            <gco:CharacterString>Display created for Geogratis API</gco:CharacterString>
          </gmd:fileDescription>
        </gmd:MD_BrowseGraphic>
      </gmd:graphicOverview>
      <gmd:descriptiveKeywords>
        <gmd:MD_Keywords>
          <gmd:keyword xsi:type="gmd:PT_FreeText_PropertyType">
            <gco:CharacterString>GeoBase</gco:CharacterString>
            <gmd:PT_FreeText>
              <gmd:textGroup>
                <gmd:LocalisedCharacterString locale="#FR">GéoBase</gmd:LocalisedCharacterString>
              </gmd:textGroup>
            </gmd:PT_FreeText>
          </gmd:keyword>
          <gmd:keyword xsi:type="gmd:PT_FreeText_PropertyType">
            <gco:CharacterString>CDED</gco:CharacterString>
            <gmd:PT_FreeText>
              <gmd:textGroup>
                <gmd:LocalisedCharacterString locale="#FR">DNEC</gmd:LocalisedCharacterString>
              </gmd:textGroup>
            </gmd:PT_FreeText>
          </gmd:keyword>
          <gmd:keyword>
            <gco:CharacterString>001M11</gco:CharacterString>
          </gmd:keyword>
          <gmd:type>
            <gmd:MD_KeywordTypeCode codeListValue="RI_529" codeList="http://nap.geogratis.gc.ca/metadata/register/napMetadataRegister.xml#IC_101">product; produit</gmd:MD_KeywordTypeCode>
          </gmd:type>
        </gmd:MD_Keywords>
      </gmd:descriptiveKeywords>
      <gmd:descriptiveKeywords>
        <gmd:MD_Keywords>
          <gmd:keyword xsi:type="gmd:PT_FreeText_PropertyType">
            <gco:CharacterString>Earth Sciences</gco:CharacterString>
            <gmd:PT_FreeText>
              <gmd:textGroup>
                <gmd:LocalisedCharacterString locale="#FR">Sciences de la Terre</gmd:LocalisedCharacterString>
              </gmd:textGroup>
            </gmd:PT_FreeText>
          </gmd:keyword>
          <gmd:type>
            <gmd:MD_KeywordTypeCode codeListValue="RI_524" codeList="http://nap.geogratis.gc.ca/metadata/register/napMetadataRegister.xml#IC_101">discipline; discipline</gmd:MD_KeywordTypeCode>
          </gmd:type>
        </gmd:MD_Keywords>
      </gmd:descriptiveKeywords>
      <gmd:descriptiveKeywords>
        <gmd:MD_Keywords>
          <gmd:keyword xsi:type="gmd:PT_FreeText_PropertyType">
            <gco:CharacterString>Earth sciences</gco:CharacterString>
            <gmd:PT_FreeText>
              <gmd:textGroup>
                <gmd:LocalisedCharacterString locale="#FR">Sciences de la terre</gmd:LocalisedCharacterString>
              </gmd:textGroup>
            </gmd:PT_FreeText>
          </gmd:keyword>
          <gmd:keyword xsi:type="gmd:PT_FreeText_PropertyType">
            <gco:CharacterString>Cartography</gco:CharacterString>
            <gmd:PT_FreeText>
              <gmd:textGroup>
                <gmd:LocalisedCharacterString locale="#FR">Cartographie</gmd:LocalisedCharacterString>
              </gmd:textGroup>
            </gmd:PT_FreeText>
          </gmd:keyword>
          <gmd:keyword xsi:type="gmd:PT_FreeText_PropertyType">
            <gco:CharacterString>Geography</gco:CharacterString>
            <gmd:PT_FreeText>
              <gmd:textGroup>
                <gmd:LocalisedCharacterString locale="#FR">Géographie</gmd:LocalisedCharacterString>
              </gmd:textGroup>
            </gmd:PT_FreeText>
          </gmd:keyword>
          <gmd:keyword xsi:type="gmd:PT_FreeText_PropertyType">
            <gco:CharacterString>Geographic data</gco:CharacterString>
            <gmd:PT_FreeText>
              <gmd:textGroup>
                <gmd:LocalisedCharacterString locale="#FR">Données géographiques</gmd:LocalisedCharacterString>
              </gmd:textGroup>
            </gmd:PT_FreeText>
          </gmd:keyword>
          <gmd:keyword xsi:type="gmd:PT_FreeText_PropertyType">
            <gco:CharacterString>Geographic information systems</gco:CharacterString>
            <gmd:PT_FreeText>
              <gmd:textGroup>
                <gmd:LocalisedCharacterString locale="#FR">Système d'information géographique</gmd:LocalisedCharacterString>
              </gmd:textGroup>
            </gmd:PT_FreeText>
          </gmd:keyword>
          <gmd:keyword xsi:type="gmd:PT_FreeText_PropertyType">
            <gco:CharacterString>Geomatics</gco:CharacterString>
            <gmd:PT_FreeText>
              <gmd:textGroup>
                <gmd:LocalisedCharacterString locale="#FR">Géomatique</gmd:LocalisedCharacterString>
              </gmd:textGroup>
            </gmd:PT_FreeText>
          </gmd:keyword>
          <gmd:keyword xsi:type="gmd:PT_FreeText_PropertyType">
            <gco:CharacterString>Topography</gco:CharacterString>
            <gmd:PT_FreeText>
              <gmd:textGroup>
                <gmd:LocalisedCharacterString locale="#FR">Topographie</gmd:LocalisedCharacterString>
              </gmd:textGroup>
            </gmd:PT_FreeText>
          </gmd:keyword>
          <gmd:type>
            <gmd:MD_KeywordTypeCode codeListValue="RI_528" codeList="http://nap.geogratis.gc.ca/metadata/register/napMetadataRegister.xml#IC_101">theme; thème</gmd:MD_KeywordTypeCode>
          </gmd:type>
          <gmd:thesaurusName>
            <gmd:CI_Citation>
              <gmd:title xsi:type="gmd:PT_FreeText_PropertyType">
                <gco:CharacterString>Government of Canada Core Subject Thesaurus</gco:CharacterString>
                <gmd:PT_FreeText>
                  <gmd:textGroup>
                    <gmd:LocalisedCharacterString locale="#FR">Thésaurus des sujets de base du gouvernement du Canada</gmd:LocalisedCharacterString>
                  </gmd:textGroup>
                </gmd:PT_FreeText>
              </gmd:title>
              <gmd:date>
                <gmd:CI_Date>
                  <gmd:date>
                    <gco:Date>2011-05-16</gco:Date>
                  </gmd:date>
                  <gmd:dateType>
                    <gmd:CI_DateTypeCode codeListValue="RI_367" codeList="http://nap.geogratis.gc.ca/metadata/register/napMetadataRegister.xml#IC_87">publication; publication</gmd:CI_DateTypeCode>
                  </gmd:dateType>
                </gmd:CI_Date>
              </gmd:date>
              <gmd:citedResponsibleParty>
                <gmd:CI_ResponsibleParty>
                  <gmd:organisationName xsi:type="gmd:PT_FreeText_PropertyType">
                    <gco:CharacterString>Library and Archives Canada</gco:CharacterString>
                    <gmd:PT_FreeText>
                      <gmd:textGroup>
                        <gmd:LocalisedCharacterString locale="#FR">Bibliothèque et Archives Canada</gmd:LocalisedCharacterString>
                      </gmd:textGroup>
                    </gmd:PT_FreeText>
                  </gmd:organisationName>
                  <gmd:role>
                    <gmd:CI_RoleCode codeListValue="RI_409" codeList="http://nap.geogratis.gc.ca/metadata/register/napMetadataRegister.xml#IC_90">custodian; conservateur</gmd:CI_RoleCode>
                  </gmd:role>
                </gmd:CI_ResponsibleParty>
              </gmd:citedResponsibleParty>
            </gmd:CI_Citation>
          </gmd:thesaurusName>
        </gmd:MD_Keywords>
      </gmd:descriptiveKeywords>
      <gmd:descriptiveKeywords>
        <gmd:MD_Keywords>
          <gmd:keyword xsi:type="gmd:PT_FreeText_PropertyType">
            <gco:CharacterString>LAND SURFACE &gt; TOPOGRAPHY &gt; TERRAIN ELEVATION</gco:CharacterString>
            <gmd:PT_FreeText>
              <gmd:textGroup>
                <gmd:LocalisedCharacterString locale="#FR">surface terrestre &gt; topographie &gt; altitude du relief</gmd:LocalisedCharacterString>
              </gmd:textGroup>
            </gmd:PT_FreeText>
          </gmd:keyword>
          <gmd:keyword xsi:type="gmd:PT_FreeText_PropertyType">
            <gco:CharacterString>LAND SURFACE &gt; TOPOGRAPHY &gt; TOPOGRAPHICAL RELIEF</gco:CharacterString>
            <gmd:PT_FreeText>
              <gmd:textGroup>
                <gmd:LocalisedCharacterString locale="#FR">surface terrestre &gt; topographie &gt; relief topographique</gmd:LocalisedCharacterString>
              </gmd:textGroup>
            </gmd:PT_FreeText>
          </gmd:keyword>
          <gmd:keyword xsi:type="gmd:PT_FreeText_PropertyType">
            <gco:CharacterString>LAND SURFACE &gt; TOPOGRAPHY &gt; CONTOURS</gco:CharacterString>
            <gmd:PT_FreeText>
              <gmd:textGroup>
                <gmd:LocalisedCharacterString locale="#FR">surface terrestre &gt; topographie &gt; courbes</gmd:LocalisedCharacterString>
              </gmd:textGroup>
            </gmd:PT_FreeText>
          </gmd:keyword>
          <gmd:type>
            <gmd:MD_KeywordTypeCode codeListValue="RI_528" codeList="http://nap.geogratis.gc.ca/metadata/register/napMetadataRegister.xml#IC_101">theme; thème</gmd:MD_KeywordTypeCode>
          </gmd:type>
          <gmd:thesaurusName>
            <gmd:CI_Citation>
              <gmd:title xsi:type="gmd:PT_FreeText_PropertyType">
                <gco:CharacterString>The Global Change Master Directory (GCMD)</gco:CharacterString>
                <gmd:PT_FreeText>
                  <gmd:textGroup>
                    <gmd:LocalisedCharacterString locale="#FR">Traduction française des thèmes du Global Change Master Directory</gmd:LocalisedCharacterString>
                  </gmd:textGroup>
                </gmd:PT_FreeText>
              </gmd:title>
              <gmd:alternateTitle>
                <gco:CharacterString>GCMD</gco:CharacterString>
              </gmd:alternateTitle>
              <gmd:date>
                <gmd:CI_Date>
                  <gmd:date>
                    <gco:Date>2009-05</gco:Date>
                  </gmd:date>
                  <gmd:dateType>
                    <gmd:CI_DateTypeCode codeListValue="RI_367" codeList="http://nap.geogratis.gc.ca/metadata/register/napMetadataRegister.xml#IC_87">publication; publication</gmd:CI_DateTypeCode>
                  </gmd:dateType>
                </gmd:CI_Date>
              </gmd:date>
              <gmd:edition>
                <gco:CharacterString>9.8.1</gco:CharacterString>
              </gmd:edition>
              <gmd:citedResponsibleParty>
                <gmd:CI_ResponsibleParty>
                  <gmd:organisationName>
                    <gco:CharacterString>NASA/Goddard Space Flight Center</gco:CharacterString>
                  </gmd:organisationName>
                  <gmd:role>
                    <gmd:CI_RoleCode codeListValue="RI_409" codeList="http://nap.geogratis.gc.ca/metadata/register/napMetadataRegister.xml#IC_90">custodian; conservateur</gmd:CI_RoleCode>
                  </gmd:role>
                </gmd:CI_ResponsibleParty>
              </gmd:citedResponsibleParty>
            </gmd:CI_Citation>
          </gmd:thesaurusName>
        </gmd:MD_Keywords>
      </gmd:descriptiveKeywords>
      <gmd:descriptiveKeywords>
        <gmd:MD_Keywords>
          <gmd:keyword>
            <gco:CharacterString>001M11</gco:CharacterString>
          </gmd:keyword>
          <gmd:keyword>
            <gco:CharacterString>01M11</gco:CharacterString>
          </gmd:keyword>
          <gmd:keyword>
            <gco:CharacterString>1M11</gco:CharacterString>
          </gmd:keyword>
          <gmd:keyword xsi:type="gmd:PT_FreeText_PropertyType">
            <gco:CharacterString>Newfoundland and Labrador</gco:CharacterString>
            <gmd:PT_FreeText>
              <gmd:textGroup>
                <gmd:LocalisedCharacterString locale="#FR">Terre-Neuve-et-Labrador</gmd:LocalisedCharacterString>
              </gmd:textGroup>
            </gmd:PT_FreeText>
          </gmd:keyword>
          <gmd:type>
            <gmd:MD_KeywordTypeCode codeListValue="RI_525" codeList="http://nap.geogratis.gc.ca/metadata/register/napMetadataRegister.xml#IC_101">place; endroit</gmd:MD_KeywordTypeCode>
          </gmd:type>
          <gmd:thesaurusName>
            <gmd:CI_Citation>
              <gmd:title xsi:type="gmd:PT_FreeText_PropertyType">
                <gco:CharacterString>None</gco:CharacterString>
                <gmd:PT_FreeText>
                  <gmd:textGroup>
                    <gmd:LocalisedCharacterString locale="#FR">Aucun</gmd:LocalisedCharacterString>
                  </gmd:textGroup>
                </gmd:PT_FreeText>
              </gmd:title>
              <gmd:date>
                <gmd:CI_Date>
                  <gmd:date/>
                  <gmd:dateType>
                    <gmd:CI_DateTypeCode codeListValue="RI_369" codeList="http://nap.geogratis.gc.ca/metadata/register/napMetadataRegister.xml#IC_87">notAvailable; nonDisponible</gmd:CI_DateTypeCode>
                  </gmd:dateType>
                </gmd:CI_Date>
              </gmd:date>
              <gmd:citedResponsibleParty>
                <gmd:CI_ResponsibleParty>
                  <gmd:organisationName xsi:type="gmd:PT_FreeText_PropertyType">
                    <gco:CharacterString>Government of Canada, Natural Resources Canada, Earth Sciences Sector</gco:CharacterString>
                    <gmd:PT_FreeText>
                      <gmd:textGroup>
                        <gmd:LocalisedCharacterString locale="#FR">Gouvernement du Canada, Ressources naturelles Canada, Secteur des sciences de la Terre</gmd:LocalisedCharacterString>
                      </gmd:textGroup>
                    </gmd:PT_FreeText>
                  </gmd:organisationName>
                  <gmd:role>
                    <gmd:CI_RoleCode codeListValue="RI_409" codeList="http://nap.geogratis.gc.ca/metadata/register/napMetadataRegister.xml#IC_90">custodian; conservateur</gmd:CI_RoleCode>
                  </gmd:role>
                </gmd:CI_ResponsibleParty>
              </gmd:citedResponsibleParty>
            </gmd:CI_Citation>
          </gmd:thesaurusName>
        </gmd:MD_Keywords>
      </gmd:descriptiveKeywords>
      <gmd:resourceConstraints>
        <gmd:MD_LegalConstraints>
          <gmd:useLimitation xsi:type="gmd:PT_FreeText_PropertyType">
            <gco:CharacterString>© Department of Natural Resources Canada. All rights reserved.</gco:CharacterString>
            <gmd:PT_FreeText>
              <gmd:textGroup>
                <gmd:LocalisedCharacterString locale="#FR">© Le ministère des Ressources naturelles Canada. Tous droits réservés</gmd:LocalisedCharacterString>
              </gmd:textGroup>
            </gmd:PT_FreeText>
          </gmd:useLimitation>
          <gmd:useConstraints>
            <gmd:MD_RestrictionCode codeListValue="RI_602" codeList="http://nap.geogratis.gc.ca/metadata/register/napMetadataRegister.xml#IC_107">copyright; droitAuteur</gmd:MD_RestrictionCode>
          </gmd:useConstraints>
        </gmd:MD_LegalConstraints>
      </gmd:resourceConstraints>
      <gmd:resourceConstraints>
        <gmd:MD_LegalConstraints>
          <gmd:useLimitation xsi:type="gmd:PT_FreeText_PropertyType">
            <gco:CharacterString>Open Government Licence - Canada (http://open.canada.ca/en/open-government-licence-canada)</gco:CharacterString>
            <gmd:PT_FreeText>
              <gmd:textGroup>
                <gmd:LocalisedCharacterString locale="#FR">Licence du gouvernement ouvert - Canada (http://ouvert.canada.ca/fr/licence-du-gouvernement-ouvert-canada)</gmd:LocalisedCharacterString>
              </gmd:textGroup>
            </gmd:PT_FreeText>
          </gmd:useLimitation>
          <gmd:useConstraints>
            <gmd:MD_RestrictionCode codeListValue="RI_606" codeList="http://nap.geogratis.gc.ca/metadata/register/napMetadataRegister.xml#IC_107">license; licence</gmd:MD_RestrictionCode>
          </gmd:useConstraints>
        </gmd:MD_LegalConstraints>
      </gmd:resourceConstraints>
      <gmd:spatialRepresentationType>
        <gmd:MD_SpatialRepresentationTypeCode codeListValue="RI_636" codeList="http://nap.geogratis.gc.ca/metadata/register/napMetadataRegister.xml#IC_109">grid; grille</gmd:MD_SpatialRepresentationTypeCode>
      </gmd:spatialRepresentationType>
      <gmd:spatialResolution>
        <gmd:MD_Resolution>
          <gmd:equivalentScale>
            <gmd:MD_RepresentativeFraction>
              <gmd:denominator>
                <gco:Integer>50000</gco:Integer>
              </gmd:denominator>
            </gmd:MD_RepresentativeFraction>
          </gmd:equivalentScale>
        </gmd:MD_Resolution>
      </gmd:spatialResolution>
      <gmd:language>
        <gco:CharacterString>eng; CAN</gco:CharacterString>
      </gmd:language>
      <gmd:language>
        <gco:CharacterString>fra; CAN</gco:CharacterString>
      </gmd:language>
      <gmd:characterSet>
        <gmd:MD_CharacterSetCode codeListValue="RI_458" codeList="http://nap.geogratis.gc.ca/metadata/register/napMetadataRegister.xml#IC_95">utf8; utf8</gmd:MD_CharacterSetCode>
      </gmd:characterSet>
      <gmd:topicCategory>
        <gmd:MD_TopicCategoryCode>elevation</gmd:MD_TopicCategoryCode>
      </gmd:topicCategory>
      <gmd:extent>
        <gmd:EX_Extent>
          <gmd:description xsi:type="gmd:PT_FreeText_PropertyType">
            <gco:CharacterString>ground condition</gco:CharacterString>
            <gmd:PT_FreeText>
              <gmd:textGroup>
                <gmd:LocalisedCharacterString locale="#FR">condition au sol</gmd:LocalisedCharacterString>
              </gmd:textGroup>
            </gmd:PT_FreeText>
          </gmd:description>
          <gmd:geographicElement>
            <gmd:EX_GeographicBoundingBox>
              <gmd:extentTypeCode>
                <gco:Boolean>1</gco:Boolean>
              </gmd:extentTypeCode>
              <gmd:westBoundLongitude>
                <gco:Decimal>-55.5</gco:Decimal>
              </gmd:westBoundLongitude>
              <gmd:eastBoundLongitude>
                <gco:Decimal>-55</gco:Decimal>
              </gmd:eastBoundLongitude>
              <gmd:southBoundLatitude>
                <gco:Decimal>47.5</gco:Decimal>
              </gmd:southBoundLatitude>
              <gmd:northBoundLatitude>
                <gco:Decimal>47.75</gco:Decimal>
              </gmd:northBoundLatitude>
            </gmd:EX_GeographicBoundingBox>
          </gmd:geographicElement>
          <gmd:temporalElement>
            <gmd:EX_TemporalExtent>
              <gmd:extent>
                <gml:TimePeriod gml:id="tp1">
                  <gml:begin>
                    <gml:TimeInstant gml:id="ti1">
                      <gml:timePosition>1985</gml:timePosition>
                    </gml:TimeInstant>
                  </gml:begin>
                  <gml:end>
                    <gml:TimeInstant gml:id="ti2">
                      <gml:timePosition>1985</gml:timePosition>
                    </gml:TimeInstant>
                  </gml:end>
                </gml:TimePeriod>
              </gmd:extent>
            </gmd:EX_TemporalExtent>
          </gmd:temporalElement>
        </gmd:EX_Extent>
      </gmd:extent>
      <gmd:supplementalInformation xsi:type="gmd:PT_FreeText_PropertyType">
        <gco:CharacterString>Natural Resources Canada, Canadian Digital Elevation Data, Standards and Specifications, September 2000.. As of July 2013, this product is no longer subject to discrepancies treatment process. Minimum Elevation (Z) in meters:  0 Maximum Elevation (Z) in meters:  353. Elevation Type: ground.</gco:CharacterString>
        <gmd:PT_FreeText>
          <gmd:textGroup>
            <gmd:LocalisedCharacterString locale="#FR">Normes et spécifications des Données numériques d'élévation du Canada, Ressources naturelles Canada, Septembre 2000.. Depuis juillet 2013, ce produit n'est plus sujet au processus de traitement des anomalies. Élévation (Z) minimale en mètres :  0 Élévation (Z) maximale en mètres :  353. Type d'élévation : au sol.</gmd:LocalisedCharacterString>
          </gmd:textGroup>
        </gmd:PT_FreeText>
      </gmd:supplementalInformation>
    </gmd:MD_DataIdentification>
  </gmd:identificationInfo>
  <gmd:distributionInfo>
    <gmd:MD_Distribution>
      <gmd:distributionFormat>
        <gmd:MD_Format>
          <gmd:name xsi:type="gmd:PT_FreeText_PropertyType">
            <gco:CharacterString>CDED ASCII</gco:CharacterString>
            <gmd:PT_FreeText>
              <gmd:textGroup>
                <gmd:LocalisedCharacterString locale="#FR">DNEC ASCII</gmd:LocalisedCharacterString>
              </gmd:textGroup>
            </gmd:PT_FreeText>
          </gmd:name>
          <gmd:version>
            <gco:CharacterString>1997</gco:CharacterString>
          </gmd:version>
          <gmd:specification>
            <gco:CharacterString>Digital Elevation Model Standards (http://rmmcweb.cr.usgs.gov/nmpstds/demstds.html)</gco:CharacterString>
          </gmd:specification>
        </gmd:MD_Format>
      </gmd:distributionFormat>
      <gmd:distributor>
        <gmd:MD_Distributor>
          <gmd:distributorContact>
            <gmd:CI_ResponsibleParty>
              <gmd:organisationName xsi:type="gmd:PT_FreeText_PropertyType">
                <gco:CharacterString>Government of Canada; Natural Resources Canada; Earth Sciences Sector; Canada Centre for Mapping and Earth Observation</gco:CharacterString>
                <gmd:PT_FreeText>
                  <gmd:textGroup>
                    <gmd:LocalisedCharacterString locale="#FR">Gouvernement du Canada; Ressources naturelles Canada; Secteur des sciences de la Terre; Centre canadien de cartographie et d'observation de la Terre</gmd:LocalisedCharacterString>
                  </gmd:textGroup>
                </gmd:PT_FreeText>
              </gmd:organisationName>
              <gmd:contactInfo>
                <gmd:CI_Contact>
                  <gmd:phone>
                    <gmd:CI_Telephone>
                      <gmd:voice xsi:type="gmd:PT_FreeText_PropertyType">
                        <gco:CharacterString>voice; 1 (819) 5645600</gco:CharacterString>
                        <gmd:PT_FreeText>
                          <gmd:textGroup>
                            <gmd:LocalisedCharacterString locale="#FR">voix; 1 (819) 5645600</gmd:LocalisedCharacterString>
                          </gmd:textGroup>
                        </gmd:PT_FreeText>
                      </gmd:voice>
                      <gmd:voice xsi:type="gmd:PT_FreeText_PropertyType">
                        <gco:CharacterString>voice; 1 (800) 6612638</gco:CharacterString>
                        <gmd:PT_FreeText>
                          <gmd:textGroup>
                            <gmd:LocalisedCharacterString locale="#FR">voix; 1 (800) 6612638</gmd:LocalisedCharacterString>
                          </gmd:textGroup>
                        </gmd:PT_FreeText>
                      </gmd:voice>
                      <gmd:facsimile>
                        <gco:CharacterString>1 (819) 5645698</gco:CharacterString>
                      </gmd:facsimile>
                    </gmd:CI_Telephone>
                  </gmd:phone>
                  <gmd:address>
                    <gmd:CI_Address>
                      <gmd:electronicMailAddress xsi:type="gmd:PT_FreeText_PropertyType">
                        <gco:CharacterString>geoginfo@nrcan.gc.ca</gco:CharacterString>
                        <gmd:PT_FreeText>
                          <gmd:textGroup>
                            <gmd:LocalisedCharacterString locale="#FR">geoginfo@rncan.gc.ca</gmd:LocalisedCharacterString>
                          </gmd:textGroup>
                        </gmd:PT_FreeText>
                      </gmd:electronicMailAddress>
                    </gmd:CI_Address>
                  </gmd:address>
                  <gmd:hoursOfService>
                    <gco:CharacterString>8:30/12:00; 13:00/16:30</gco:CharacterString>
                  </gmd:hoursOfService>
                </gmd:CI_Contact>
              </gmd:contactInfo>
              <gmd:role>
                <gmd:CI_RoleCode codeListValue="RI_412" codeList="http://nap.geogratis.gc.ca/metadata/register/napMetadataRegister.xml#IC_90">distributor; distributeur</gmd:CI_RoleCode>
              </gmd:role>
            </gmd:CI_ResponsibleParty>
          </gmd:distributorContact>
          <gmd:distributionOrderProcess>
            <gmd:MD_StandardOrderProcess>
              <gmd:fees xsi:type="gmd:PT_FreeText_PropertyType">
                <gco:CharacterString>Free for download</gco:CharacterString>
                <gmd:PT_FreeText>
                  <gmd:textGroup>
                    <gmd:LocalisedCharacterString locale="#FR">Gratuit pour les télécharger</gmd:LocalisedCharacterString>
                  </gmd:textGroup>
                </gmd:PT_FreeText>
              </gmd:fees>
            </gmd:MD_StandardOrderProcess>
          </gmd:distributionOrderProcess>
        </gmd:MD_Distributor>
      </gmd:distributor>
      <gmd:transferOptions>
        <gmd:MD_DigitalTransferOptions>
          <gmd:transferSize>
            <gco:Real>1.763179</gco:Real>
          </gmd:transferSize>
          <gmd:onLine>
            <gmd:CI_OnlineResource>
              <gmd:linkage>
                <gmd:URL>http://ftp.geogratis.gc.ca/pub/nrcan_rncan//elevation/geobase_cded_dnec/50k_dem/001/001m11.zip</gmd:URL>
              </gmd:linkage>
              <gmd:protocol>
                <gco:CharacterString>HTTP</gco:CharacterString>
              </gmd:protocol>
              <gmd:name>
                <gco:CharacterString>CDED ASCII</gco:CharacterString>
              </gmd:name>
              <gmd:description xsi:type="gmd:PT_FreeText_PropertyType">
                <gco:CharacterString>Download file in CDED ASCII through HTTP</gco:CharacterString>
                <gmd:PT_FreeText>
                  <gmd:textGroup>
                    <gmd:LocalisedCharacterString locale="#FR">Téléchargez le fichier CDED ASCII via HTTP</gmd:LocalisedCharacterString>
                  </gmd:textGroup>
                </gmd:PT_FreeText>
              </gmd:description>
              <gmd:function>
                <gmd:CI_OnLineFunctionCode codeListValue="RI_376" codeList="http://nap.geogratis.gc.ca/metadata/register/napMetadataRegister.xml#IC_88">information; information</gmd:CI_OnLineFunctionCode>
              </gmd:function>
            </gmd:CI_OnlineResource>
          </gmd:onLine>
        </gmd:MD_DigitalTransferOptions>
      </gmd:transferOptions>
      <gmd:transferOptions>
        <gmd:MD_DigitalTransferOptions>
          <gmd:transferSize>
            <gco:Real>0.201875</gco:Real>
          </gmd:transferSize>
          <gmd:onLine>
            <gmd:CI_OnlineResource>
              <gmd:linkage>
                <gmd:URL>http://ftp.geogratis.gc.ca/pub/nrcan_rncan//elevation/geobase_cded_dnec/doc/GeoBase_product_specs_CDED1_en.pdf</gmd:URL>
              </gmd:linkage>
              <gmd:protocol>
                <gco:CharacterString>HTTP</gco:CharacterString>
              </gmd:protocol>
              <gmd:name>
                <gco:CharacterString>PDF</gco:CharacterString>
              </gmd:name>
              <gmd:description xsi:type="gmd:PT_FreeText_PropertyType">
                <gco:CharacterString>Download file  Canadian Digital Elevation Data, Product Specifications  through HTTP</gco:CharacterString>
                <gmd:PT_FreeText>
                  <gmd:textGroup>
                    <gmd:LocalisedCharacterString locale="#FR">Téléchargez le fichier  Canadian Digital Elevation Data, Product Specifications  via HTTP</gmd:LocalisedCharacterString>
                  </gmd:textGroup>
                </gmd:PT_FreeText>
              </gmd:description>
              <gmd:function>
                <gmd:CI_OnLineFunctionCode codeListValue="RI_376" codeList="http://nap.geogratis.gc.ca/metadata/register/napMetadataRegister.xml#IC_88">information; information</gmd:CI_OnLineFunctionCode>
              </gmd:function>
            </gmd:CI_OnlineResource>
          </gmd:onLine>
        </gmd:MD_DigitalTransferOptions>
      </gmd:transferOptions>
      <gmd:transferOptions>
        <gmd:MD_DigitalTransferOptions>
          <gmd:transferSize>
            <gco:Real>0.218885</gco:Real>
          </gmd:transferSize>
          <gmd:onLine>
            <gmd:CI_OnlineResource>
              <gmd:linkage>
                <gmd:URL>http://ftp.geogratis.gc.ca/pub/nrcan_rncan//elevation/geobase_cded_dnec/doc/GeoBase_specs_produit_DNEC1_fr.pdf</gmd:URL>
              </gmd:linkage>
              <gmd:protocol>
                <gco:CharacterString>HTTP</gco:CharacterString>
              </gmd:protocol>
              <gmd:name>
                <gco:CharacterString>PDF</gco:CharacterString>
              </gmd:name>
              <gmd:description xsi:type="gmd:PT_FreeText_PropertyType">
                <gco:CharacterString>Download file  Spécification du produit, des Données numériques d'élévation du Canada  through HTTP</gco:CharacterString>
                <gmd:PT_FreeText>
                  <gmd:textGroup>
                    <gmd:LocalisedCharacterString locale="#FR">Téléchargez le fichier  Spécification du produit, des Données numériques d'élévation du Canada  via HTTP</gmd:LocalisedCharacterString>
                  </gmd:textGroup>
                </gmd:PT_FreeText>
              </gmd:description>
              <gmd:function>
                <gmd:CI_OnLineFunctionCode codeListValue="RI_376" codeList="http://nap.geogratis.gc.ca/metadata/register/napMetadataRegister.xml#IC_88">information; information</gmd:CI_OnLineFunctionCode>
              </gmd:function>
            </gmd:CI_OnlineResource>
          </gmd:onLine>
        </gmd:MD_DigitalTransferOptions>
      </gmd:transferOptions>
    </gmd:MD_Distribution>
  </gmd:distributionInfo>
  <gmd:dataQualityInfo>
    <gmd:DQ_DataQuality>
      <gmd:scope>
        <gmd:DQ_Scope>
          <gmd:level>
            <gmd:MD_ScopeCode codeListValue="RI_622" codeList="http://nap.geogratis.gc.ca/metadata/register/napMetadataRegister.xml#IC_108">dataset; jeuDonnées</gmd:MD_ScopeCode>
          </gmd:level>
        </gmd:DQ_Scope>
      </gmd:scope>
      <gmd:report>
        <gmd:DQ_CompletenessCommission>
          <gmd:result>
            <gmd:DQ_ConformanceResult>
              <gmd:specification xlink:title="GeoBase Canadian Digital Elevation Data, Level 1 - Product Specifications"/>
              <gmd:explanation xsi:type="gmd:PT_FreeText_PropertyType">
                <gco:CharacterString>The content of the CDED data sets is constant since the number of elevation points per profile and the number of profiles per cell are constant for all CDED files (1201 x 1201).</gco:CharacterString>
                <gmd:PT_FreeText>
                  <gmd:textGroup>
                    <gmd:LocalisedCharacterString locale="#FR">Le contenu des jeux de données DNEC est constant étant donné que le nombre de points d'élévation par profil et que le nombre de profils par cellule sont constants pour tous les fichiers DNEC (1201 x 1201).</gmd:LocalisedCharacterString>
                  </gmd:textGroup>
                </gmd:PT_FreeText>
              </gmd:explanation>
              <gmd:pass>
                <gco:Boolean>true</gco:Boolean>
              </gmd:pass>
            </gmd:DQ_ConformanceResult>
          </gmd:result>
        </gmd:DQ_CompletenessCommission>
      </gmd:report>
      <gmd:report>
        <gmd:DQ_AbsoluteExternalPositionalAccuracy>
          <gmd:measureDescription xsi:type="gmd:PT_FreeText_PropertyType">
            <gco:CharacterString>Accuracy evaluation is related to the data source(s) used to generate the CDED.  National Topographic Data Base Data Source: Planimetric data accuracy is expressed as the circular map accuracy standard (CMAS) of topographic feature derived from the equation below: Standard circular error:  Sc = 0.7071 (Sx^2 + Sy^2)^1/2  Sx = standard deviation in the X-axis  Sy = standard deviation in the Y-axis  ^ = exponent Circular map accuracy standard: CMAS = 2.1460 * Sc.</gco:CharacterString>
            <gmd:PT_FreeText>
              <gmd:textGroup>
                <gmd:LocalisedCharacterString locale="#FR">L'évaluation de la précision est fonction de(s) source(s) de données utilisée(s) lors de la génération de la DNEC.  Source de données : Base nationale de données topographiques. La précision planimétrique des données est exprimée selon la précision circulaire cartographique normalisée (PCCN) d'un élément topographique, obtenue comme suit : Écart circulaire normal : Sc = 0,7071 (Sx^2 + Sy^2)^1/2  Sx = écart-type dans l'axe X  Sy = écart-type dans l'axe Y  ^ = exposant Précision circulaire cartographique normalisée : PCCN = 2,1460 * Sc.</gmd:LocalisedCharacterString>
              </gmd:textGroup>
            </gmd:PT_FreeText>
          </gmd:measureDescription>
          <gmd:evaluationMethodDescription xsi:type="gmd:PT_FreeText_PropertyType">
            <gco:CharacterString>Circular Map Accuracy Standards (CMAS) for NTDB sources from Canada Centre for Mapping and Earth Observation (CCMEO).</gco:CharacterString>
            <gmd:PT_FreeText>
              <gmd:textGroup>
                <gmd:LocalisedCharacterString locale="#FR">Précision circulaire cartographique normalisée (PCCN) pour les sources BNDT du Centre canadien de cartographie et d'observation de la Terre (CCCOT).</gmd:LocalisedCharacterString>
              </gmd:textGroup>
            </gmd:PT_FreeText>
          </gmd:evaluationMethodDescription>
          <gmd:result>
            <gmd:DQ_QuantitativeResult>
              <gmd:valueUnit>
                <gml:BaseUnit gml:id="HORIZ_EXPL_DNEC_CIT.CMAS.BNDT_1">
                  <gml:identifier codeSpace="http://www.bipm.org/en/si/base_units/">metre</gml:identifier>
                  <gml:name codeSpace="http://www.bipm.org/en/si/base_units/">metre</gml:name>
                  <gml:quantityType>length</gml:quantityType>
                  <gml:catalogSymbol codeSpace="http://www.bipm.org/en/si/base_units/">m</gml:catalogSymbol>
                  <gml:unitsSystem xmlns:xlink="http://www.w3.org/1999/xlink" xlink:href="http://www.bipm.fr/en/si"/>
                </gml:BaseUnit>
              </gmd:valueUnit>
              <gmd:value>
                <gco:Record>
                  <gco:Distance uom="m">100</gco:Distance>
                </gco:Record>
              </gmd:value>
            </gmd:DQ_QuantitativeResult>
          </gmd:result>
        </gmd:DQ_AbsoluteExternalPositionalAccuracy>
      </gmd:report>
      <gmd:report>
        <gmd:DQ_GriddedDataPositionalAccuracy>
          <gmd:measureDescription xsi:type="gmd:PT_FreeText_PropertyType">
            <gco:CharacterString>The vertical accuracy of the CDED is evaluated with LIDAR high precision satellite data originating from the ICESat programme. Pre-processing of ICESat data is made in order to eliminate most of the inaccurate values caused by the presence of clouds or other irregularities preventing a proper evaluation of the accuracy. Thus, the CDED accuracy will be expressed as a linear error with a confidence level of 90% and obtained from the following formula: LE90 = sMNE * 1.6449</gco:CharacterString>
            <gmd:PT_FreeText>
              <gmd:textGroup>
                <gmd:LocalisedCharacterString locale="#FR">La précision altimétrique du fichier DNEC est évaluée par rapport aux données de précision de type LIDAR enregistrées par le satellite ICESat. Un prétraitement est effectué sur les données ICESat de façon à éliminer la plupart des points erronés dus à la présence de nuages ou d'autres irrégularités empêchant une évaluation juste de la précision des fichiers DNEC. La précision du fichier DNEC sera exprimée comme une erreur linéaire avec une probabilité de 90% et obtenue selon la formule suivante : LE90 = sMNE * 1.6449</gmd:LocalisedCharacterString>
              </gmd:textGroup>
            </gmd:PT_FreeText>
          </gmd:measureDescription>
          <gmd:evaluationMethodDescription xsi:type="gmd:PT_FreeText_PropertyType">
            <gco:CharacterString>Linear Map Accuracy Standards (LMAS) for the elevation values. The Vertical Positional Accuracy was obtained from direct measurements using IceSat LIDAR data.</gco:CharacterString>
            <gmd:PT_FreeText>
              <gmd:textGroup>
                <gmd:LocalisedCharacterString locale="#FR">Précision linéaire cartographique normalisée (PLCN) pour les valeurs d'élévation. Valeur de la précision d'alignement vertical obtenue par mesure directe utilisant des données LIDAR enregistrées par le satellite ICESat.</gmd:LocalisedCharacterString>
              </gmd:textGroup>
            </gmd:PT_FreeText>
          </gmd:evaluationMethodDescription>
          <gmd:result>
            <gmd:DQ_QuantitativeResult>
              <gmd:valueUnit>
                <gml:BaseUnit gml:id="VERT_EXPL_DNEC_M-LIDAR_1">
                  <gml:identifier codeSpace="http://www.bipm.org/en/si/base_units/">metre</gml:identifier>
                  <gml:name codeSpace="http://www.bipm.org/en/si/base_units/">metre</gml:name>
                  <gml:quantityType>length</gml:quantityType>
                  <gml:catalogSymbol codeSpace="http://www.bipm.org/en/si/base_units/">m</gml:catalogSymbol>
                  <gml:unitsSystem xmlns:xlink="http://www.w3.org/1999/xlink" xlink:href="http://www.bipm.fr/en/si"/>
                </gml:BaseUnit>
              </gmd:valueUnit>
              <gmd:value>
                <gco:Record>
                  <gco:Distance uom="m">10.6</gco:Distance>
                </gco:Record>
              </gmd:value>
            </gmd:DQ_QuantitativeResult>
          </gmd:result>
        </gmd:DQ_GriddedDataPositionalAccuracy>
      </gmd:report>
      <gmd:lineage>
        <gmd:LI_Lineage>
          <gmd:processStep>
            <gmd:LI_ProcessStep>
              <gmd:description xsi:type="gmd:PT_FreeText_PropertyType">
                <gco:CharacterString>The following steps were undertaken to generate CDED derived from 1:50,000 NTDB source data: 1) Flow directionality is applied to the stream coverage using the lake and contour data (arcs pointing downstream), maintaining a connected hydrographic network. 2) Incongruities in the NTDB hydrography and hypsography including the problems in the edgematching with the 8 surrounding tiles are identified and corrected. 3) Elevations on lake polygons corresponding to the lake elevations recorded on the paper map are tagged. 4) A DEM using ANUDEM version 5 with hydrographic network, contours, and elevation points as input data, are produced. 5) Quality Control on the DEM is conducted. 6) The DEM is converted to CDED format. For the final CDED, an automatic inspection is conducted by the Canada Centre for Mapping and Earth Observation (CCMEO) prior to archiving.</gco:CharacterString>
                <gmd:PT_FreeText>
                  <gmd:textGroup>
                    <gmd:LocalisedCharacterString locale="#FR">Les étapes suivantes ont permis de produire le DNEC dérivé de la BNDT au 1/50 000 : 1) La directionalité des cours d'eau est déterminée et appliquée en tenant compte des lacs et courbes de niveau environnants (les lignes pointant vers l'aval), tout en s'assurant de maintenir la connectivité du réseau hydrographique. 2) Les incohérences dans l'hydrographie et l'hypsographie de la BNDT comprenant les problèmes d'intégration horizontale avec les 8 tuiles adjacentes sont identifiées et corrigées. 3) Les valeurs d'altitude sont attribuées aux polygones de lac à partir des valeurs d'altitude correspondantes sur la carte topographique papier. 4) Le MNE est généré à l'aide du logiciel ANUDEM version 5 en utilisant le réseau hydrographique, les courbes de niveau et les points d'altitude comme données d'entrée. 5) Le contrôle de qualité sur le MNE est réalisé. 6) Le MNE est converti dans le format DNEC. L'inspection automatique est réalisée par le Centre canadien de cartographie et d'observation de la Terre (CCCOT) sur la version finale du DNEC avant l'archivage des données.</gmd:LocalisedCharacterString>
                  </gmd:textGroup>
                </gmd:PT_FreeText>
              </gmd:description>
              <gmd:dateTime>
                <gco:DateTime>2004-04-21T00:00:00</gco:DateTime>
              </gmd:dateTime>
            </gmd:LI_ProcessStep>
          </gmd:processStep>
          <gmd:source>
            <gmd:LI_Source id="BNDT-001M11-2.2">
              <gmd:description xsi:type="gmd:PT_FreeText_PropertyType">
                <gco:CharacterString>hardDisk; The hypsographic and hydrographic elements of the source NDTB were used to produce the CDED. Special care was taken with regard to watercourse direction of flow and the flatness of the water surface.</gco:CharacterString>
                <gmd:PT_FreeText>
                  <gmd:textGroup>
                    <gmd:LocalisedCharacterString locale="#FR">disqueDur; Les DNEC ont été compilées à partir des éléments hypsographiques et hydrographiques de la BNDT-source. Une attention particulière a été portée au sens d'écoulement des cours d'eau et à la planéité des plans d'eau pour assurer la cohérence des DNEC.</gmd:LocalisedCharacterString>
                  </gmd:textGroup>
                </gmd:PT_FreeText>
              </gmd:description>
              <gmd:scaleDenominator>
                <gmd:MD_RepresentativeFraction>
                  <gmd:denominator>
                    <gco:Integer>50000</gco:Integer>
                  </gmd:denominator>
                </gmd:MD_RepresentativeFraction>
              </gmd:scaleDenominator>
              <gmd:sourceCitation>
                <gmd:CI_Citation>
                  <gmd:title xsi:type="gmd:PT_FreeText_PropertyType">
                    <gco:CharacterString>National Topographic Data Base (NTDB) - 001M11</gco:CharacterString>
                    <gmd:PT_FreeText>
                      <gmd:textGroup>
                        <gmd:LocalisedCharacterString locale="#FR">Base nationale de données topographiques (BNDT) - 001M11</gmd:LocalisedCharacterString>
                      </gmd:textGroup>
                    </gmd:PT_FreeText>
                  </gmd:title>
                  <gmd:alternateTitle>
                    <gco:CharacterString>BNDT-001M11-2.2</gco:CharacterString>
                  </gmd:alternateTitle>
                  <gmd:date>
                    <gmd:CI_Date>
                      <gmd:date>
                        <gco:Date>1999-06-04</gco:Date>
                      </gmd:date>
                      <gmd:dateType>
                        <gmd:CI_DateTypeCode codeListValue="RI_367" codeList="http://nap.geogratis.gc.ca/metadata/register/napMetadataRegister.xml#IC_87">publication; publication</gmd:CI_DateTypeCode>
                      </gmd:dateType>
                    </gmd:CI_Date>
                  </gmd:date>
                  <gmd:edition>
                    <gco:CharacterString>2.2</gco:CharacterString>
                  </gmd:edition>
                  <gmd:citedResponsibleParty>
                    <gmd:CI_ResponsibleParty>
                      <gmd:organisationName xsi:type="gmd:PT_FreeText_PropertyType">
                        <gco:CharacterString>Government of Canada; Natural Resources Canada; Earth Sciences Sector; Canada Centre for Mapping and Earth Observation</gco:CharacterString>
                        <gmd:PT_FreeText>
                          <gmd:textGroup>
                            <gmd:LocalisedCharacterString locale="#FR">Gouvernement du Canada; Ressources naturelles Canada; Secteur des sciences de la Terre; Centre canadien de cartographie et d'observation de la Terre</gmd:LocalisedCharacterString>
                          </gmd:textGroup>
                        </gmd:PT_FreeText>
                      </gmd:organisationName>
                      <gmd:role>
                        <gmd:CI_RoleCode codeListValue="RI_413" codeList="http://nap.geogratis.gc.ca/metadata/register/napMetadataRegister.xml#IC_90">originator; auteur</gmd:CI_RoleCode>
                      </gmd:role>
                    </gmd:CI_ResponsibleParty>
                  </gmd:citedResponsibleParty>
                  <gmd:presentationForm>
                    <gmd:CI_PresentationFormCode codeListValue="RI_391" codeList="http://nap.geogratis.gc.ca/metadata/register/napMetadataRegister.xml#IC_89">mapDigital; carteNumérique</gmd:CI_PresentationFormCode>
                  </gmd:presentationForm>
                  <gmd:series>
                    <gmd:CI_Series>
                      <gmd:name xsi:type="gmd:PT_FreeText_PropertyType">
                        <gco:CharacterString>National Topographic Data Base (NTDB)</gco:CharacterString>
                        <gmd:PT_FreeText>
                          <gmd:textGroup>
                            <gmd:LocalisedCharacterString locale="#FR">Base nationale de données topographiques (BNDT)</gmd:LocalisedCharacterString>
                          </gmd:textGroup>
                        </gmd:PT_FreeText>
                      </gmd:name>
                      <gmd:issueIdentification>
                        <gco:CharacterString>{$GS$ISSUE_INCONNU}</gco:CharacterString>
                      </gmd:issueIdentification>
                    </gmd:CI_Series>
                  </gmd:series>
                </gmd:CI_Citation>
              </gmd:sourceCitation>
              <gmd:sourceExtent>
                <gmd:EX_Extent>
                  <gmd:description xsi:type="gmd:PT_FreeText_PropertyType">
                    <gco:CharacterString>publication date</gco:CharacterString>
                    <gmd:PT_FreeText>
                      <gmd:textGroup>
                        <gmd:LocalisedCharacterString locale="#FR">date de publication</gmd:LocalisedCharacterString>
                      </gmd:textGroup>
                    </gmd:PT_FreeText>
                  </gmd:description>
                  <gmd:temporalElement>
                    <gmd:EX_TemporalExtent>
                      <gmd:extent>
                        <gml:TimePeriod gml:id="tpBNDT-001M11-2.2">
                          <gml:begin>
                            <gml:TimeInstant gml:id="ti1BNDT-001M11-2.2">
                              <gml:timePosition>1985</gml:timePosition>
                            </gml:TimeInstant>
                          </gml:begin>
                          <gml:end>
                            <gml:TimeInstant gml:id="ti2BNDT-001M11-2.2">
                              <gml:timePosition>1985</gml:timePosition>
                            </gml:TimeInstant>
                          </gml:end>
                        </gml:TimePeriod>
                      </gmd:extent>
                    </gmd:EX_TemporalExtent>
                  </gmd:temporalElement>
                </gmd:EX_Extent>
              </gmd:sourceExtent>
            </gmd:LI_Source>
          </gmd:source>
        </gmd:LI_Lineage>
      </gmd:lineage>
    </gmd:DQ_DataQuality>
  </gmd:dataQualityInfo>
  <gmd:metadataConstraints>
    <gmd:MD_LegalConstraints>
      <gmd:accessConstraints>
        <gmd:MD_RestrictionCode codeListValue="RI_609" codeList="http://nap.geogratis.gc.ca/metadata/register/napMetadataRegister.xml#IC_107">otherRestrictions; autresRestrictions</gmd:MD_RestrictionCode>
      </gmd:accessConstraints>
      <gmd:otherConstraints xsi:type="gmd:PT_FreeText_PropertyType">
        <gco:CharacterString>None</gco:CharacterString>
        <gmd:PT_FreeText>
          <gmd:textGroup>
            <gmd:LocalisedCharacterString locale="#FR">Aucune</gmd:LocalisedCharacterString>
          </gmd:textGroup>
        </gmd:PT_FreeText>
      </gmd:otherConstraints>
    </gmd:MD_LegalConstraints>
  </gmd:metadataConstraints>
  <gmd:metadataConstraints>
    <gmd:MD_LegalConstraints>
      <gmd:useLimitation xsi:type="gmd:PT_FreeText_PropertyType">
        <gco:CharacterString>Open Government Licence - Canada (http://open.canada.ca/en/open-government-licence-canada)</gco:CharacterString>
        <gmd:PT_FreeText>
          <gmd:textGroup>
            <gmd:LocalisedCharacterString locale="#FR">Licence du gouvernement ouvert - Canada (http://ouvert.canada.ca/fr/licence-du-gouvernement-ouvert-canada)</gmd:LocalisedCharacterString>
          </gmd:textGroup>
        </gmd:PT_FreeText>
      </gmd:useLimitation>
      <gmd:useConstraints>
        <gmd:MD_RestrictionCode codeListValue="RI_610" codeList="http://nap.geogratis.gc.ca/metadata/register/napMetadataRegister.xml#IC_107">licenseUnrestricted; licenceSansRestriction</gmd:MD_RestrictionCode>
      </gmd:useConstraints>
    </gmd:MD_LegalConstraints>
  </gmd:metadataConstraints>
  <gmd:metadataMaintenance>
    <gmd:MD_MaintenanceInformation>
      <gmd:maintenanceAndUpdateFrequency>
        <gmd:MD_MaintenanceFrequencyCode codeListValue="RI_542" codeList="http://nap.geogratis.gc.ca/metadata/register/napMetadataRegister.xml#IC_102">notPlanned; nonPlanifié</gmd:MD_MaintenanceFrequencyCode>
      </gmd:maintenanceAndUpdateFrequency>
      <gmd:contact>
        <gmd:CI_ResponsibleParty>
          <gmd:organisationName xsi:type="gmd:PT_FreeText_PropertyType">
            <gco:CharacterString>Government of Canada; Natural Resources Canada; Earth Sciences Sector; Canada Centre for Mapping and Earth Observation</gco:CharacterString>
            <gmd:PT_FreeText>
              <gmd:textGroup>
                <gmd:LocalisedCharacterString locale="#FR">Gouvernement du Canada; Ressources naturelles Canada; Secteur des sciences de la Terre; Centre canadien de cartographie et d'observation de la Terre</gmd:LocalisedCharacterString>
              </gmd:textGroup>
            </gmd:PT_FreeText>
          </gmd:organisationName>
          <gmd:positionName xsi:type="gmd:PT_FreeText_PropertyType">
            <gco:CharacterString>Customer Support Group</gco:CharacterString>
            <gmd:PT_FreeText>
              <gmd:textGroup>
                <gmd:LocalisedCharacterString locale="#FR">Équipe de soutien aux usagers</gmd:LocalisedCharacterString>
              </gmd:textGroup>
            </gmd:PT_FreeText>
          </gmd:positionName>
          <gmd:contactInfo>
            <gmd:CI_Contact>
              <gmd:phone>
                <gmd:CI_Telephone>
                  <gmd:voice xsi:type="gmd:PT_FreeText_PropertyType">
                    <gco:CharacterString>voice; 1 (819) 5645600</gco:CharacterString>
                    <gmd:PT_FreeText>
                      <gmd:textGroup>
                        <gmd:LocalisedCharacterString locale="#FR">voix; 1 (819) 5645600</gmd:LocalisedCharacterString>
                      </gmd:textGroup>
                    </gmd:PT_FreeText>
                  </gmd:voice>
                  <gmd:voice xsi:type="gmd:PT_FreeText_PropertyType">
                    <gco:CharacterString>voice; 1 (800) 6612638</gco:CharacterString>
                    <gmd:PT_FreeText>
                      <gmd:textGroup>
                        <gmd:LocalisedCharacterString locale="#FR">voix; 1 (800) 6612638</gmd:LocalisedCharacterString>
                      </gmd:textGroup>
                    </gmd:PT_FreeText>
                  </gmd:voice>
                  <gmd:facsimile>
                    <gco:CharacterString>1 (819) 5645698</gco:CharacterString>
                  </gmd:facsimile>
                </gmd:CI_Telephone>
              </gmd:phone>
              <gmd:address>
                <gmd:CI_Address>
                  <gmd:electronicMailAddress xsi:type="gmd:PT_FreeText_PropertyType">
                    <gco:CharacterString>NRCan.geogratis-geogratis.RNCan@canada.ca</gco:CharacterString>
                    <gmd:PT_FreeText>
                      <gmd:textGroup>
                        <gmd:LocalisedCharacterString locale="#FR">NRCan.geogratis-geogratis.RNCan@canada.ca</gmd:LocalisedCharacterString>
                      </gmd:textGroup>
                    </gmd:PT_FreeText>
                  </gmd:electronicMailAddress>
                </gmd:CI_Address>
              </gmd:address>
              <gmd:onlineResource>
                <gmd:CI_OnlineResource>
                  <gmd:linkage>
                    <gmd:URL>www.geogratis.gc.ca</gmd:URL>
                  </gmd:linkage>
                  <gmd:protocol>
                    <gco:CharacterString>HTTP</gco:CharacterString>
                  </gmd:protocol>
                  <gmd:function>
                    <gmd:CI_OnLineFunctionCode codeListValue="RI_376" codeList="http://nap.geogratis.gc.ca/metadata/register/napMetadataRegister.xml#IC_88">information; information</gmd:CI_OnLineFunctionCode>
                  </gmd:function>
                </gmd:CI_OnlineResource>
              </gmd:onlineResource>
              <gmd:hoursOfService>
                <gco:CharacterString>8:30/12:00; 13:00/16:30</gco:CharacterString>
              </gmd:hoursOfService>
            </gmd:CI_Contact>
          </gmd:contactInfo>
          <gmd:role>
            <gmd:CI_RoleCode codeListValue="RI_414" codeList="http://nap.geogratis.gc.ca/metadata/register/napMetadataRegister.xml#IC_90">pointOfContact; contact</gmd:CI_RoleCode>
          </gmd:role>
        </gmd:CI_ResponsibleParty>
      </gmd:contact>
    </gmd:MD_MaintenanceInformation>
  </gmd:metadataMaintenance>
</gmd:MD_Metadata>
